PRAGMA foreign_keys=OFF;
BEGIN TRANSACTION;
CREATE TABLE IF NOT EXISTS "_prisma_migrations" (
    "id"                    TEXT PRIMARY KEY NOT NULL,
    "checksum"              TEXT NOT NULL,
    "finished_at"           DATETIME,
    "migration_name"        TEXT NOT NULL,
    "logs"                  TEXT,
    "rolled_back_at"        DATETIME,
    "started_at"            DATETIME NOT NULL DEFAULT current_timestamp,
    "applied_steps_count"   INTEGER UNSIGNED NOT NULL DEFAULT 0
);
INSERT INTO _prisma_migrations VALUES('3c43beff-02d4-4898-86a1-ce81f9afa84f','33868ceb24dc97d63b7bcdb151270f30eb213828ccfb8d081c84b280b743463c',1759648952947,'20251005072232_init',NULL,NULL,1759648952933,1);
CREATE TABLE IF NOT EXISTS "users" (
    "id" INTEGER NOT NULL PRIMARY KEY AUTOINCREMENT,
    "email" TEXT NOT NULL,
    "name" TEXT NOT NULL,
    "role" TEXT NOT NULL,
    "createdAt" DATETIME NOT NULL DEFAULT CURRENT_TIMESTAMP,
    "updatedAt" DATETIME NOT NULL
);
INSERT INTO users VALUES(1,'amslka@adslmfka.asdfa','adsmfa','STUDENT',1759648983677,1759648975724);
INSERT INTO users VALUES(2,'juhoasdfg0422@gmail.com','juhong','STUDENT',1759649413431,1759649413431);
INSERT INTO users VALUES(3,'monday@damsf.adsf','monday','STUDENT',1759709496905,1759709496905);
INSERT INTO users VALUES(4,'davidki.kim121@gmail.com','David','STUDENT',1759789519266,1759789519266);
INSERT INTO users VALUES(5,'j@gmail.com','j','STUDENT',1760549540881,1760549540881);
INSERT INTO users VALUES(6,'d@gmail.com','dd','STUDENT',1760550750488,1760550750488);
INSERT INTO users VALUES(7,'w@gmail.com','w','STUDENT',1760831759340,1760831759340);
INSERT INTO users VALUES(8,'juhong_eom@gse.harvard.edu','Persimmon','STUDENT',1761185048883,1761185048883);
INSERT INTO users VALUES(9,'k@gmail.com','k','STUDENT',1761185360758,1761185360758);
INSERT INTO users VALUES(10,'juhong0422@gmail.com','Juhong','STUDENT',1763264901418,1763264901418);
INSERT INTO users VALUES(11,'juhong042@gmail.com','juhong','STUDENT',1763265115774,1763265115774);
INSERT INTO users VALUES(12,'crimson@harvard.edu','Juhong','STUDENT',1763265187335,1763265187335);
INSERT INTO users VALUES(13,'519@gmail.com','t519','STUDENT',1763414727384,1763414727384);
INSERT INTO users VALUES(14,'jiwonkim@gse.harvard.edu','jiwon kim','STUDENT',1763567044258,1763567044258);
INSERT INTO users VALUES(15,'frankwei312@gmail.com','frank','STUDENT',1763567781045,1763567781045);
CREATE TABLE IF NOT EXISTS "students" (
    "id" INTEGER NOT NULL PRIMARY KEY AUTOINCREMENT,
    "userId" INTEGER NOT NULL,
    "studentColor" TEXT,
    CONSTRAINT "students_userId_fkey" FOREIGN KEY ("userId") REFERENCES "users" ("id") ON DELETE CASCADE ON UPDATE CASCADE
);
INSERT INTO students VALUES(1,1,NULL);
INSERT INTO students VALUES(2,2,'#1A51D1');
INSERT INTO students VALUES(3,3,'#FF6B6B');
INSERT INTO students VALUES(4,4,'#770080');
INSERT INTO students VALUES(5,5,'#358924');
INSERT INTO students VALUES(6,6,'#FFB347');
INSERT INTO students VALUES(7,7,'#D21AEA');
INSERT INTO students VALUES(8,8,'#FFB347');
INSERT INTO students VALUES(9,9,'#78FF47');
INSERT INTO students VALUES(10,10,'#0FA37E');
INSERT INTO students VALUES(11,11,'#A0342C');
INSERT INTO students VALUES(12,12,'#902614');
INSERT INTO students VALUES(13,13,'#372306');
INSERT INTO students VALUES(14,14,'#8AAAF5');
INSERT INTO students VALUES(15,15,'#98B3F1');
CREATE TABLE IF NOT EXISTS "interests" (
    "id" INTEGER NOT NULL PRIMARY KEY AUTOINCREMENT,
    "studentId" INTEGER NOT NULL,
    "field" TEXT NOT NULL,
    "level" INTEGER NOT NULL,
    "socialImpact" TEXT NOT NULL,
    "createdAt" DATETIME NOT NULL DEFAULT CURRENT_TIMESTAMP,
    "updatedAt" DATETIME NOT NULL,
    CONSTRAINT "interests_studentId_fkey" FOREIGN KEY ("studentId") REFERENCES "students" ("id") ON DELETE CASCADE ON UPDATE CASCADE
);
INSERT INTO interests VALUES(1,1,'ai',0,'FRIENDS',1759649098645,1759649085552);
INSERT INTO interests VALUES(2,1,'fdgsd',6,'CITY',1759649171204,1759649171204);
INSERT INTO interests VALUES(3,2,'AI',8,'SCHOOL',1759709382705,1759709382705);
INSERT INTO interests VALUES(4,1,'AI',3,'COUNTRY',1759709421715,1759709421715);
INSERT INTO interests VALUES(5,3,'AI',8,'COUNTRY',1759709505632,1759709505632);
INSERT INTO interests VALUES(6,2,'환경',7,'SCHOOL',1759721357093,1759721357093);
INSERT INTO interests VALUES(7,4,'AI',7,'FRIENDS',1759789533437,1759789533437);
INSERT INTO interests VALUES(8,6,'fashion',10,'FRIENDS',1760581585004,1760581585004);
INSERT INTO interests VALUES(9,3,'food',2,'WORLD',1760581607844,1760581607844);
INSERT INTO interests VALUES(10,6,'almond',7,'FRIENDS',1760587688705,1760587688705);
INSERT INTO interests VALUES(11,6,'Shoes',10,'FRIENDS',1760668924163,1760668924163);
INSERT INTO interests VALUES(12,7,'Halloween',8,'SCHOOL',1760831776212,1760831776212);
INSERT INTO interests VALUES(13,7,'indigo',3,'FRIENDS',1760889838123,1760889838123);
INSERT INTO interests VALUES(14,7,'happiness',8,'FAMILY',1760894145837,1760894145837);
INSERT INTO interests VALUES(15,6,'Mindfulness',5,'SELF',1761185030675,1761185030675);
INSERT INTO interests VALUES(16,8,'Time Mgmt',5,'SELF',1761185242442,1761185242442);
INSERT INTO interests VALUES(17,8,'Goal Setting',5,'SELF',1761185331652,1761185331652);
INSERT INTO interests VALUES(18,9,'Meal Plan',5,'COMMUNITY',1761185385150,1761185385150);
INSERT INTO interests VALUES(19,9,'Time Mgmt',5,'COMMUNITY',1761186769258,1761186769258);
INSERT INTO interests VALUES(20,9,'Goal Setting',5,'COMMUNITY',1761186773210,1761186773210);
INSERT INTO interests VALUES(21,9,'Time Mgmt',5,'SELF',1761187498955,1761187498955);
INSERT INTO interests VALUES(22,9,'fk',6,'CLASS',1763185648942,1763185648942);
INSERT INTO interests VALUES(23,12,'environment',4,'COMMUNITY',1763265200594,1763265200594);
INSERT INTO interests VALUES(24,12,'pumpkin',10,'FAMILY',1763265219621,1763265219621);
INSERT INTO interests VALUES(25,12,'AI',8,'COUNTRY',1763265229699,1763265229699);
INSERT INTO interests VALUES(26,12,'skill-based workshop for friends (e.g.',5,'FRIENDS',1763265344639,1763265344639);
INSERT INTO interests VALUES(27,13,'Halloween',5,'FRIENDS',1763414742254,1763414742254);
INSERT INTO interests VALUES(28,14,'climate change',7,'WORLD',1763567082444,1763567082444);
INSERT INTO interests VALUES(29,14,'Suggestion: *   Family:  Learn to communicate effectively',5,'SELF',1763567399339,1763567399339);
INSERT INTO interests VALUES(30,15,'Boxing',10,'COMMUNITY',1763567811271,1763567811271);
INSERT INTO interests VALUES(31,13,'food',7,'FRIENDS',1763756113577,1763756113577);
CREATE TABLE IF NOT EXISTS "groups" (
    "id" INTEGER NOT NULL PRIMARY KEY AUTOINCREMENT,
    "name" TEXT NOT NULL,
    "description" TEXT,
    "inviteCode" TEXT NOT NULL,
    "teacherId" INTEGER,
    "createdAt" DATETIME NOT NULL DEFAULT CURRENT_TIMESTAMP,
    "updatedAt" DATETIME NOT NULL,
    CONSTRAINT "groups_teacherId_fkey" FOREIGN KEY ("teacherId") REFERENCES "users" ("id") ON DELETE SET NULL ON UPDATE CASCADE
);
CREATE TABLE IF NOT EXISTS "group_members" (
    "id" INTEGER NOT NULL PRIMARY KEY AUTOINCREMENT,
    "groupId" INTEGER NOT NULL,
    "studentId" INTEGER NOT NULL,
    "role" TEXT NOT NULL,
    "joinedAt" DATETIME NOT NULL DEFAULT CURRENT_TIMESTAMP,
    CONSTRAINT "group_members_studentId_fkey" FOREIGN KEY ("studentId") REFERENCES "students" ("id") ON DELETE CASCADE ON UPDATE CASCADE,
    CONSTRAINT "group_members_groupId_fkey" FOREIGN KEY ("groupId") REFERENCES "groups" ("id") ON DELETE CASCADE ON UPDATE CASCADE
);
CREATE TABLE IF NOT EXISTS "projects" (
    "id" INTEGER NOT NULL PRIMARY KEY AUTOINCREMENT,
    "groupId" INTEGER NOT NULL,
    "title" TEXT NOT NULL,
    "description" TEXT,
    "status" TEXT NOT NULL,
    "createdAt" DATETIME NOT NULL DEFAULT CURRENT_TIMESTAMP,
    "updatedAt" DATETIME NOT NULL,
    CONSTRAINT "projects_groupId_fkey" FOREIGN KEY ("groupId") REFERENCES "groups" ("id") ON DELETE CASCADE ON UPDATE CASCADE
);
DELETE FROM sqlite_sequence;
INSERT INTO sqlite_sequence VALUES('users',15);
INSERT INTO sqlite_sequence VALUES('students',15);
INSERT INTO sqlite_sequence VALUES('interests',31);
CREATE UNIQUE INDEX "users_email_key" ON "users"("email");
CREATE UNIQUE INDEX "students_userId_key" ON "students"("userId");
CREATE UNIQUE INDEX "groups_inviteCode_key" ON "groups"("inviteCode");
CREATE UNIQUE INDEX "group_members_groupId_studentId_key" ON "group_members"("groupId", "studentId");
COMMIT;
